CREATE DATABASE REDWAVE_FINAL
USE REDWAVE_FINAL

-- Tablas del área lógica "TIEMPO" (5)

CREATE TABLE PERSONA(
    ID INT IDENTITY PRIMARY KEY,
    RUT VARCHAR(10) NOT NULL,
    NOMBRES VARCHAR(40) NOT NULL,
    PRIMER_APELLIDO VARCHAR(20) NOT NULL,
	SEGUNDO_APELLIDO VARCHAR(20) NOT NULL,
)

CREATE TABLE REGION(
	ID INT IDENTITY PRIMARY KEY,
	NOMBRE VARCHAR(60) NOT NULL
)

CREATE TABLE COMUNA(
	ID INT IDENTITY PRIMARY KEY,
	NOMBRE VARCHAR(60) NOT NULL,
	ID_REGION INT NOT NULL,
	CONSTRAINT COMUNA_REGION FOREIGN KEY (ID_REGION) REFERENCES REGION (ID)
)

CREATE TABLE DIRECCION(
    ID INT IDENTITY PRIMARY KEY,
    CALLE VARCHAR(60) NOT NULL,
    NUMERO NUMERIC(6) NOT NULL,
    ID_COMUNA INT NOT NULL,
	CONSTRAINT DIRECCION_COMUNA FOREIGN KEY (ID_COMUNA) REFERENCES COMUNA (ID)
)

CREATE TABLE TIEMPO(
    ID INT IDENTITY PRIMARY KEY,
    FECHA DATE NOT NULL,
    MES DATE NOT NULL,
    ANIO DATE NOT NULL,
	HORA TIME NOT NULL,
    DIA_SEMANA DATE NOT NULL
)

--Tablas de Data Mart "RECURSOS HUMANOS" (11)

CREATE TABLE AREA(
    ID INT IDENTITY PRIMARY KEY,
	NOMBRE VARCHAR(20) NOT NULL,
	GERENTE VARCHAR(20) NOT NULL
)

CREATE TABLE EMPLEADO(
    ID INT IDENTITY PRIMARY KEY,
	ID_PERSONA INT NOT NULL,
	ID_DIRECCION INT NOT NULL,
    ID_AREA INT NOT NULL,
    CARGO VARCHAR(50) NOT NULL,
	CONSTRAINT EMPLEADO_PERSONA FOREIGN KEY (ID_PERSONA) REFERENCES PERSONA (ID),
	CONSTRAINT EMPLEADO_DIRECCION FOREIGN KEY (ID_DIRECCION) REFERENCES DIRECCION (ID),
    CONSTRAINT EMPLEADO_AREA FOREIGN KEY (ID_AREA) REFERENCES AREA (ID)
)

CREATE TABLE CURSO(
    ID INT IDENTITY PRIMARY KEY,
    NOMBRE VARCHAR(50) NOT NULL,
    DESCRIPCION VARCHAR(150)
)

CREATE TABLE RESULTADO(
    ID INT IDENTITY PRIMARY KEY,
    TIPO_RESULTADO VARCHAR(50) NOT NULL,
    DESCRIPCION VARCHAR(150) NOT NULL
)

CREATE TABLE TIPO_INCENTIVO(
    ID INT IDENTITY PRIMARY KEY,
    TIPO VARCHAR (50) NOT NULL,
    DESCRIPCION VARCHAR (150)
)

CREATE TABLE FACT_EVALUACION_DESEMPENIO(
    ID INT IDENTITY PRIMARY KEY,
    ID_EMPLEADO INT NOT NULL,
    ID_TIEMPO INT NOT NULL,
    ID_RESULTADO INT NOT NULL,
	FECHA DATE NOT NULL,
	CRITERIO VARCHAR(100),
	PUNTUACION NUMERIC(3),
    CONSTRAINT EVALUACION_DESEMPENIO_EMPLEADO FOREIGN KEY (ID_EMPLEADO) REFERENCES EMPLEADO (ID),
    CONSTRAINT EVALUACION_DESEMPENIO_TIEMPO FOREIGN KEY (ID_TIEMPO) REFERENCES TIEMPO (ID),
    CONSTRAINT EVALUACION_DESEMPENIO_RESULTADO FOREIGN KEY (ID_RESULTADO) REFERENCES RESULTADO (ID)    
)

CREATE TABLE EVA_DESEMPENIO_EMPLEADO(
    ID INT IDENTITY PRIMARY KEY,
    ID_FACT_EVALUACION_DESEMPENIO INT NOT NULL,
    ID_EMPLEADO INT NOT NULL,
    CONSTRAINT EVA_DESEMPENIO_EMPLEADO_FACT_EVALUACION_DESEMPENIO FOREIGN KEY (ID_FACT_EVALUACION_DESEMPENIO) REFERENCES FACT_EVALUACION_DESEMPENIO (ID),
    CONSTRAINT EVA_DESEMPENIO_EMPLEADO_EMPLEADO FOREIGN KEY (ID_EMPLEADO) REFERENCES EMPLEADO (ID)
)

CREATE TABLE FACT_CAPACITACION(
	ID INT IDENTITY PRIMARY KEY,
	ID_CURSO INT NOT NULL,
    ID_TIEMPO INT NOT NULL,
    ID_RESULTADO INT NOT NULL,
    DURACION INT NOT NULL,    
	FECHA_INICIO DATE NOT NULL,
	FECHA_TERMINO DATE NOT NULL,
    CONSTRAINT CAPACITACION_CURSO FOREIGN KEY (ID_CURSO) REFERENCES CURSO (ID),
    CONSTRAINT CAPACITACION_TIEMPO FOREIGN KEY (ID_TIEMPO) REFERENCES TIEMPO (ID),
    CONSTRAINT CAPACITACION_RESULTADO FOREIGN KEY (ID_RESULTADO) REFERENCES RESULTADO (ID)
)

CREATE TABLE CAPACITACION_EMPLEADO(
    ID INT IDENTITY PRIMARY KEY,
    ID_FACT_CAPACITACION INT NOT NULL,
    ID_EMPLEADO INT NOT NULL,
    CONSTRAINT CAPACITACION_EMPLEADO_FACT_CAPACITACION FOREIGN KEY (ID_FACT_CAPACITACION) REFERENCES FACT_CAPACITACION (ID),
    CONSTRAINT CAPACITACION_EMPLEADO_EMPLEADO FOREIGN KEY (ID_EMPLEADO) REFERENCES EMPLEADO (ID)
)

CREATE TABLE FACT_INCENTIVO(
    ID INT IDENTITY PRIMARY KEY,
    ID_TIPO_INCENTIVO INT NOT NULL,
    ID_TIEMPO INT NOT NULL,
    MONTO NUMERIC NOT NULL,
	FECHA DATE NOT NULL,
    CONSTRAINT INCENTIVO_TIPO FOREIGN KEY (ID_TIPO_INCENTIVO) REFERENCES TIPO_INCENTIVO (ID),
    CONSTRAINT INCENTIVO_TIEMPO FOREIGN KEY (ID_TIEMPO) REFERENCES TIEMPO (ID)
)

CREATE TABLE INCENTIVO_EMPLEADO(
    ID INT IDENTITY PRIMARY KEY,
    ID_FACT_INCENTIVO INT NOT NULL,
    ID_EMPLEADO INT NOT NULL,
    CONSTRAINT INCENTIVO_EMPLEADO_FACT_INCENTIVO FOREIGN KEY (ID_FACT_INCENTIVO) REFERENCES FACT_INCENTIVO (ID),
    CONSTRAINT INCENTIVO_EMPLEADO_EMPLEADO FOREIGN KEY (ID_EMPLEADO) REFERENCES EMPLEADO (ID)
)

-- Tablas de Data Mart "MARKETING" (19)

CREATE TABLE GENERO(
    ID INT IDENTITY PRIMARY KEY,
    GENERO VARCHAR(50) NOT NULL
)

CREATE TABLE AUTOR(
    ID INT IDENTITY PRIMARY KEY,
    AUTOR VARCHAR(50) NOT NULL
)

CREATE TABLE ALBUM(
    ID INT IDENTITY PRIMARY KEY,
    NOMBRE_ALBUM VARCHAR(50) NOT NULL,
	ID_AUTOR INT NOT NULL,
	ID_GENERO INT NOT NULL,
	CONSTRAINT ALBUM_AUTOR FOREIGN KEY (ID_AUTOR) REFERENCES AUTOR (ID),
	CONSTRAINT ALBUM_GENERO FOREIGN KEY (ID_GENERO) REFERENCES GENERO (ID)
)

CREATE TABLE CANCION(
    ID INT IDENTITY PRIMARY KEY,
	ID_ALBUM INT NOT NULL,
    TITULO VARCHAR(50) NOT NULL,
	DURACION INT NOT NULL,
	CONSTRAINT CANCION_ALBUM FOREIGN KEY (ID_ALBUM) REFERENCES ALBUM (ID)
)

CREATE TABLE CUENTA(
    ID INT IDENTITY PRIMARY KEY,
	ID_PERSONA INT NOT NULL,
	TIPO_PLAN_SUSCRIPCION VARCHAR(50) NOT NULL,
	TARJETA_DE_CREDITO VARCHAR(50) NOT NULL,
	ID_TIEMPO INT NOT NULL,
	CONSTRAINT CUENTA_PERSONA FOREIGN KEY (ID_PERSONA) REFERENCES PERSONA (ID),
	CONSTRAINT CUENTA_TIEMPO FOREIGN KEY (ID_TIEMPO) REFERENCES TIEMPO (ID)
)

CREATE TABLE VALORACION(
    ID INT IDENTITY PRIMARY KEY,
	ID_CUENTA INT NOT NULL,
	ID_CANCION INT NOT NULL,
	PUNTAJE INT NOT NULL,
	CONSTRAINT VALORACION_CUENTA FOREIGN KEY (ID_CUENTA) REFERENCES CUENTA (ID),
	CONSTRAINT VALORACION_CANCION FOREIGN KEY (ID_CANCION) REFERENCES CANCION (ID)
)

CREATE TABLE SUSCRIPTOR(
    ID INT IDENTITY PRIMARY KEY,
	ID_CUENTA INT NOT NULL,
	ID_PERSONA INT NOT NULL,
	FECHA_INICIO_MEMBRESIA DATE NOT NULL,
	FECHA_TERMINO_MEMBRESIA DATE NOT NULL,
	CONSTRAINT SUSCRIPTOR_CUENTA FOREIGN KEY (ID_CUENTA) REFERENCES CUENTA (ID),
	CONSTRAINT SUSCRIPTOR_PERSONA FOREIGN KEY (ID_PERSONA) REFERENCES PERSONA (ID)
	)

CREATE TABLE PLAYLIST(
    ID INT IDENTITY PRIMARY KEY,
	ID_CUENTA INT NOT NULL,
	NOMBRE_PLAYLIST VARCHAR(50) NOT NULL,
	CONSTRAINT PLAYLIST_CUENTA FOREIGN KEY (ID_CUENTA) REFERENCES CUENTA (ID)
)

CREATE TABLE LISTADO_PLAYLIST(
    ID INT IDENTITY PRIMARY KEY,
	ID_PLAYLIST INT NOT NULL,
	ID_CANCION INT NOT NULL,
	CONSTRAINT LISTADO_PLAYLIST_PLAYLIST FOREIGN KEY (ID_PLAYLIST) REFERENCES PLAYLIST (ID),
	CONSTRAINT LISTADO_PLAYLIST_CUENTA FOREIGN KEY (ID_CANCION) REFERENCES CANCION (ID)
)

CREATE TABLE FACT_INFLUENCIA(
    ID INT IDENTITY PRIMARY KEY,
	ID_REGION INT NOT NULL,
	ID_GENERO INT NOT NULL,
	ID_CANCION INT NOT NULL,
	ID_TIEMPO INT NOT NULL,
	CANTIDAD_REPETICIONES INT NOT NULL,
	CONSTRAINT FACT_INFLUENCIA_REGION FOREIGN KEY (ID_REGION) REFERENCES REGION (ID),
	CONSTRAINT FACT_INFLUENCIA_GENERO FOREIGN KEY (ID_GENERO) REFERENCES GENERO (ID),
	CONSTRAINT FACT_INFLUENCIA_CANCION FOREIGN KEY (ID_CANCION) REFERENCES CANCION (ID),
	CONSTRAINT FACT_INFLUENCIA_TIEMPO FOREIGN KEY (ID_TIEMPO) REFERENCES TIEMPO (ID)
)

CREATE TABLE PUBLICACION(
    ID INT IDENTITY PRIMARY KEY,
	ID_CUENTA INT NOT NULL,
	TITULO VARCHAR(50) NOT NULL,
	TIPO VARCHAR(50) NOT NULL,
	CONTENIDO VARCHAR(100) NOT NULL,
	ID_TIEMPO INT NOT NULL,
	CONSTRAINT PUBLICACION_CUENTA FOREIGN KEY (ID_CUENTA) REFERENCES CUENTA (ID),
	CONSTRAINT PUBLICACION_TIEMPO FOREIGN KEY (ID_TIEMPO) REFERENCES TIEMPO (ID)
)

CREATE TABLE RED_SOCIAL_PUBLICACION(
    ID INT IDENTITY PRIMARY KEY,
	RED_SOCIAL VARCHAR(50) NOT NULL,
	ID_PUBLICACION INT NOT NULL,
	ID_TIEMPO INT NOT NULL,
	CONSTRAINT RED_SOCIAL_PUBLICACION_PUBLICACION FOREIGN KEY (ID_PUBLICACION) REFERENCES PUBLICACION (ID),
	CONSTRAINT RED_SOCIAL_PUBLICACION_TIEMPO FOREIGN KEY (ID_TIEMPO) REFERENCES TIEMPO (ID)
)

CREATE TABLE COMENTARIO(
    ID INT IDENTITY PRIMARY KEY,
	TIPO_COMENTARIO VARCHAR(50) NOT NULL,
	ID_PUBLICACION INT NOT NULL,
	CATEGORIA VARCHAR(50) NOT NULL,
	CONTENIDO VARCHAR(100) NOT NULL,
	ID_TIEMPO INT NOT NULL,
	CONSTRAINT COMENTARIO_PUBLICACION FOREIGN KEY (ID_PUBLICACION) REFERENCES PUBLICACION (ID),
	CONSTRAINT COMENTARIO_TIEMPO FOREIGN KEY (ID_TIEMPO) REFERENCES TIEMPO (ID)
)

CREATE TABLE REACCIONES_COMENTARIO(
    ID INT IDENTITY PRIMARY KEY,
	ID_COMENTARIO INT NOT NULL,
	LIKES INT NOT NULL,
	HEARTS INT NOT NULL,
	DISLIKES INT NOT NULL,
	SHARES INT NOT NULL,
	CONSTRAINT REACCIONES_COMENTARIO_COMENTARIO FOREIGN KEY (ID_COMENTARIO) REFERENCES COMENTARIO (ID)
)

CREATE TABLE ANUNCIO(
    ID INT IDENTITY PRIMARY KEY,
	ID_PUBLICACION INT NOT NULL,
	CATEGORIA VARCHAR(50) NOT NULL,
	TITULO VARCHAR(100) NOT NULL,
	ID_TIEMPO INT NOT NULL,
	COSTO INT NOT NULL,
	CONSTRAINT ANUNCIO_PUBLICACION FOREIGN KEY (ID_PUBLICACION) REFERENCES PUBLICACION (ID),
	CONSTRAINT ANUNCIO_TIEMPO FOREIGN KEY (ID_TIEMPO) REFERENCES TIEMPO (ID)
)

CREATE TABLE ANUNCIO_FAVORITO(
    ID INT IDENTITY PRIMARY KEY,
	ID_ANUNCIO INT NOT NULL,
	CONSTRAINT ANUNCIO_FAVORITO_ANUNCIO FOREIGN KEY (ID_ANUNCIO) REFERENCES ANUNCIO (ID)
)

CREATE TABLE REACCIONES_ANUNCIO(
    ID INT IDENTITY PRIMARY KEY,
	ID_ANUNCIO INT NOT NULL,
	LIKES INT NOT NULL,
	HEARTS INT NOT NULL,
	DISLIKES INT NOT NULL,
	SHARES INT NOT NULL,
	CONSTRAINT REACCIONES_ANUNCIO_ANUNCIO FOREIGN KEY (ID_ANUNCIO) REFERENCES ANUNCIO (ID)
)

CREATE TABLE FACT_ESTADISTICA_ANUNCIO(
    ID INT IDENTITY PRIMARY KEY,
	ID_REACCIONES_ANUNCIO INT NOT NULL,
	ID_REGION INT NOT NULL,
	ID_TIEMPO INT NOT NULL,
	TOTAL_REACCIONES INT NOT NULL,
	TOTAL_ALCANCE INT NOT NULL,
	CONSTRAINT FACT_ESTADISTICA_ANUNCIO_REACCIONES_ANUNCIO FOREIGN KEY (ID_REACCIONES_ANUNCIO) REFERENCES REACCIONES_ANUNCIO (ID),
	CONSTRAINT FACT_ESTADISTICA_ANUNCIO_REGION FOREIGN KEY (ID_REGION) REFERENCES REGION (ID),
	CONSTRAINT FACT_ESTADISTICA_ANUNCIO_TIEMPO FOREIGN KEY (ID_TIEMPO) REFERENCES TIEMPO (ID)
)

CREATE TABLE FACT_ESTADISTICA_COMENTARIO(
    ID INT IDENTITY PRIMARY KEY,
    ID_COMUNA INT NOT NULL,
    ID_REACCIONES_COMENTARIO INT NOT NULL,
    ID_TIEMPO INT NOT NULL,
    TOTAL_REACCIONES INT NOT NULL,
    TOTAL_ALCANCE INT NOT NULL,
    CONSTRAINT FACT_ESTADISTICA_COMENTARIO_COMUNA FOREIGN KEY (ID_COMUNA) REFERENCES COMUNA (ID),
    CONSTRAINT FACT_ESTADISTICA_COMENTARIO_REACCIONES_COMENTARIO FOREIGN KEY (ID_REACCIONES_COMENTARIO) REFERENCES REACCIONES_COMENTARIO (ID),
    CONSTRAINT FACT_ESTADISTICA_COMENTARIO_TIEMPO FOREIGN KEY (ID_TIEMPO) REFERENCES TIEMPO (ID)
)

-- Tablas de Data Mart "CONTABILIDAD" (14)

CREATE TABLE CONTAB_SUSCRIPTORES (
ID INT IDENTITY PRIMARY KEY,
NOMBRE VARCHAR(500),
FECHA_DESDE DATE,
TOTAL_FACTURAS INT NOT NULL
)

CREATE TABLE CONTAB_ADSCRIPTORES (
ID INT IDENTITY PRIMARY KEY,
NOMBRE VARCHAR(500),
FECHA_DESDE DATE,
TOTAL_FACTURAS INT NOT NULL
)

CREATE TABLE TIPOPASIVO (
ID INT IDENTITY PRIMARY KEY,
NOMBRE VARCHAR(500) NOT NULL UNIQUE,
DESCRIPCION VARCHAR(500)
)

CREATE TABLE PASIVOS (
ID INT IDENTITY PRIMARY KEY,
FECHA DATE NOT NULL,
CANTIDAD INT NOT NULL,
TOTAL INT NOT NULL,
ID_TIPOPASIVO INT NOT NULL,
ID_BALANCE INT NOT NULL,
CONSTRAINT FK_PASIVO_TIPO_PASIVO FOREIGN KEY (ID_TIPOPASIVO) REFERENCES TIPOPASIVO(ID)
)

CREATE TABLE ACTIVOS (
ID INT IDENTITY PRIMARY KEY,
FECHA DATE,
NOMBRE VARCHAR(500) NOT NULL,
DESCRIPCION VARCHAR(500) NOT NULL,
CANTIDAD INT NOT NULL,
TOTAL INT NOT NULL,
BALANCE INT NOT NULL
)

CREATE TABLE FACT_BALANCE_ACTIVO_PASIVO (
ID INT IDENTITY PRIMARY KEY,
ID_ACTIVOS INT,
ID_PASIVOS INT,
ID_TIEMPO INT,
TOTAL_BALANCE INT NOT NULL,
CONSTRAINT FK_BALANCE_ACTIVO FOREIGN KEY (ID_ACTIVOS) REFERENCES ACTIVOS(ID),
CONSTRAINT FK_BALANCE_PASIVO FOREIGN KEY (ID_PASIVOS) REFERENCES PASIVOS(ID),
CONSTRAINT FK_BALANCE_PASIVO_TIEMPO FOREIGN KEY (ID_TIEMPO) REFERENCES TIEMPO(ID)
)

CREATE TABLE FACT_FACTURAS (
FOLIO INT IDENTITY PRIMARY KEY,
ID_PERSONA INT,
ID_DIRECCION INT,
ID_TIEMPO INT,
DESCRIPCION VARCHAR(500) NOT NULL,
CANTIDAD INT NOT NULL,
SERVICIO VARCHAR(500) NOT NULL,
MONTO INT NOT NULL,
TOTAL INT NOT NULL,
CONSTRAINT FK_FACTFACTURAS_ID_PERSONA FOREIGN KEY (ID_PERSONA) REFERENCES PERSONA(ID),
CONSTRAINT FK_FACTFACTURAS_ID_DIRECCION FOREIGN KEY (ID_DIRECCION) REFERENCES DIRECCION(ID),
CONSTRAINT FK_FACTFACTURAS_ID_TIEMPO FOREIGN KEY (ID_TIEMPO) REFERENCES TIEMPO(ID)
)

CREATE TABLE PROVEEDORES (
ID INT IDENTITY PRIMARY KEY,
NOMBRE VARCHAR(500) NOT NULL UNIQUE,
DIRECCION_CALLE VARCHAR(500) NOT NULL,
NUMERO INT NOT NULL,
COMUNA VARCHAR(500) NOT NULL,
CANTIDAD_COMPRAS INT NOT NULL,
NUM_ORDEN VARCHAR(20) NOT NULL
)

CREATE TABLE COMPRAS (
NUMERO_ORDEN INT IDENTITY PRIMARY KEY,
NOMBRE VARCHAR(500),
NOM_PROVEEDOR VARCHAR(500),
CANTIDAD INT NOT NULL,
TOTAL INT NOT NULL,
ID_FACTURA INT NOT NULL,
ID_PROVEEDOR INT NOT NULL,
CONSTRAINT FK_ID_FACTURA_ID_FACTURAS FOREIGN KEY (ID_FACTURA) REFERENCES FACT_FACTURAS(FOLIO),
CONSTRAINT FK_ID_PROVEEDOR_ID_PROVEEDORES FOREIGN KEY (ID_PROVEEDOR) REFERENCES PROVEEDORES(ID)
)

CREATE TABLE PRESUPUESTOS (
CODIGO INT IDENTITY PRIMARY KEY,
FECHA DATE NOT NULL,
NOMBRE_PRESUPUESTO VARCHAR(500) NOT NULL,
DESCRIPCION VARCHAR(500) NOT NULL,
CANTIDAD INT NOT NULL,
VALOR INT NOT NULL,
TOTAL INT NOT NULL,
ID_PROVEEDOR INT NOT NULL,
ID_NUMERO_ORDEN INT NOT NULL,
CONSTRAINT FK_PRESUPUESTOS_PROVEEDORES FOREIGN KEY (ID_PROVEEDOR) REFERENCES PROVEEDORES(ID),
CONSTRAINT FK_PRESUPUESTOS_COMPRAS FOREIGN KEY (ID_NUMERO_ORDEN) REFERENCES COMPRAS(NUMERO_ORDEN)
)

CREATE TABLE FACTURAS_CONTAB_ADSCRIPTORES (
ID INT IDENTITY PRIMARY KEY,
FECHA DATE,
NOMBRE_ADSCRIPTOR VARCHAR(500),
SERVICIO VARCHAR(500) NOT NULL,
CANTIDAD INT NOT NULL,
TOTAL INT NOT NULL,
CALLE VARCHAR(500) NOT NULL,
ID_CONTAB_ADSCIPTORES INT NOT NULL,
ID_FACTURAS INT NOT NULL,
CONSTRAINT FK_FACT_CONT_ADSC_CONTAB_ADSCRIPTORES FOREIGN KEY (ID_CONTAB_ADSCIPTORES) REFERENCES CONTAB_ADSCRIPTORES(ID),
CONSTRAINT FK_FACT_CONT_ADSC_FACTURAS FOREIGN KEY (ID_FACTURAS) REFERENCES FACT_FACTURAS (FOLIO)
)

CREATE TABLE FACTURAS_CONTAB_SUSCRIPTORES (
ID INT IDENTITY PRIMARY KEY,
FECHA DATE,
NOMBRE_SUSCRIPTOR VARCHAR(500),
SERVICIO VARCHAR(500) NOT NULL,
CANTIDAD INT NOT NULL,
TOTAL INT NOT NULL,
IVA INT NOT NULL,
ID_CONTAB_SUSCIPTORES INT NOT NULL,
ID_FACTURA INT NOT NULL,
CONSTRAINT FK_FACT_CONT_SUSCR_CONTAB_SUSCRIPTORES FOREIGN KEY (ID_CONTAB_SUSCIPTORES) REFERENCES CONTAB_SUSCRIPTORES(ID),
CONSTRAINT FK_FACT_CONT_SUSC_FACTURAS FOREIGN KEY (ID_FACTURA) REFERENCES FACT_FACTURAS (FOLIO)
)

CREATE TABLE FACT_FACTURAS_PERSONAS (
ID INT IDENTITY PRIMARY KEY,
ID_PERSONA INT,
ID_FACTURAS INT,
ID_TIEMPO INT,
PERIODO VARCHAR(500) NOT NULL,
TOTAL_FACTURAS INT NOT NULL,
CONSTRAINT FK_FACT_PERS_PERSONA FOREIGN KEY (ID_PERSONA) REFERENCES PERSONA (ID),
CONSTRAINT FK_FACT_PERS_FACT_FACTURAS FOREIGN KEY (ID_FACTURAS) REFERENCES FACT_FACTURAS (FOLIO),
CONSTRAINT FK_FACT_PERS_TIEMPO FOREIGN KEY (ID_TIEMPO) REFERENCES TIEMPO (ID)
)

CREATE TABLE TRANSACCION(
    ID INT IDENTITY PRIMARY KEY,
    ID_CUENTA INT NOT NULL,
	MONTO_COMPRA VARCHAR(50) NOT NULL,
	MEDIO_PAGO VARCHAR(50) NOT NULL,
	FECHA_COMPRA DATE NOT NULL,
	ID_TIEMPO INT NOT NULL,
	CONSTRAINT TRANSACCION_CUENTA FOREIGN KEY (ID_CUENTA) REFERENCES CUENTA (ID),
	CONSTRAINT TRANSACCION_TIEMPO FOREIGN KEY (ID_TIEMPO) REFERENCES TIEMPO (ID)
)

-- Tablas de Data Mart "LEGAL" (4)

CREATE TABLE ABOGADO(
    ID INT IDENTITY PRIMARY KEY,
    ID_PERSONA INT NOT NULL,
	CONSTRAINT ABOGADO_PERSONA FOREIGN KEY (ID_PERSONA) REFERENCES PERSONA (ID)
)

CREATE TABLE CASO(
    ID INT IDENTITY PRIMARY KEY,
    ID_CUENTA INT NOT NULL,
    ID_ABOGADO INT NOT NULL,
	ASUNTO VARCHAR(50) NOT NULL,
	DESCRIPCION VARCHAR(100) NOT NULL,
	ESTADO VARCHAR(50) NOT NULL,
	FECHA_APERTURA DATE NOT NULL,
	FECHA_ACTUALIZACION DATE NOT NULL,
	FECHA_CIERRE DATE NOT NULL,
	CONSTRAINT CASO_CUENTA FOREIGN KEY (ID_CUENTA) REFERENCES CUENTA (ID),
	CONSTRAINT CASO_ABOGADO FOREIGN KEY (ID_ABOGADO) REFERENCES ABOGADO (ID)
)

CREATE TABLE DEVOLUCION(
    ID INT IDENTITY PRIMARY KEY,
    ID_TRANSACCION INT NOT NULL,
	NUMERO_BOLETA_ELECTRONICA VARCHAR(50) NOT NULL,
	ESTADO VARCHAR(50) NOT NULL,
	MOTIVO_DEVOLUCION VARCHAR(50) NOT NULL,
	MONTO_DEVOLUCION VARCHAR(50) NOT NULL,
	FECHA_SOLICITUD DATE NOT NULL,
	FECHA_ACTUALIZACION DATE NOT NULL,
	FECHA_CIERRE_SOLICITUD DATE NOT NULL,
	CONSTRAINT DEVOLUCION_TRANSACCION FOREIGN KEY (ID_TRANSACCION) REFERENCES TRANSACCION (ID)
)

CREATE TABLE CONTRATO_LEGAL(
    ID INT IDENTITY PRIMARY KEY,
    ID_PERSONA INT NOT NULL,
	PROPIETARIO_COMERCIAL VARCHAR(50) NOT NULL,
	PROPIETARIO_LEGAL VARCHAR(50) NOT NULL,
	NUMERO_REFERENCIA INT NOT NULL,
	CONTRAPARTE VARCHAR(100) NOT NULL,
	TIPO_CONTRATO VARCHAR(50) NOT NULL,
	APROBACION VARCHAR(50) NOT NULL,
	ESTADO VARCHAR(50) NOT NULL,
    VALOR_TOTAL INT NOT NULL,
    VALOR_ANUAL INT NOT NULL,
    DURACION_CONTRATO VARCHAR(50) NOT NULL,
    ID_TIEMPO INT NOT NULL,
	CONSTRAINT CONTRATO_LEGAL_PERSONA FOREIGN KEY (ID_PERSONA) REFERENCES PERSONA (ID),
	CONSTRAINT CONTRATO_LEGAL_TIEMPO FOREIGN KEY (ID_TIEMPO) REFERENCES TIEMPO (ID)
)

-- Tablas de Data Mart "SOPORTE" (4)

CREATE TABLE SOPORTES (
ID INT IDENTITY PRIMARY KEY,
RUT VARCHAR(500) UNIQUE ,
ID_PERSONA INT NOT NULL,
CONSTRAINT FK_SOPORTES_PERSONA FOREIGN KEY (ID_PERSONA) REFERENCES PERSONA(ID)
)

CREATE TABLE SOPORTE_SUSCRIPTORES (
ID INT IDENTITY PRIMARY KEY,
TICKET INT UNIQUE,
SUSCRIPTOR VARCHAR(500),
ESTADO VARCHAR(500),
OBSERVACION VARCHAR(500)
)

CREATE TABLE SOPORTE_ADSCRIPTORES (
ID INT IDENTITY PRIMARY KEY,
TICKET INT UNIQUE,
ADSCRIPTOR VARCHAR(500),
ESTADO VARCHAR(500),
OBSERVACION VARCHAR(500)
)

CREATE TABLE FACT_TICKETS (
NUMERO INT IDENTITY PRIMARY KEY,
ID_SOPORTES INT NOT NULL,
ID_NOMBRE_AFECTO INT NOT NULL,
TIPO_INCIDENCIA VARCHAR(500),
PLATAFORMA VARCHAR(500),
OBSERVACION VARCHAR(500),
RESPALDO VARCHAR(500),
ID_FECHA INT,
CONSTRAINT FK_SOPORTES_FACT_TICKETS FOREIGN KEY (ID_SOPORTES) REFERENCES SOPORTES(ID),
CONSTRAINT FK_SOPORTES_FACT_TICKETS_TIEMPO FOREIGN KEY (ID_FECHA) REFERENCES TIEMPO(ID),
CONSTRAINT FK_SOPORTES_FACT_TICKETS_PERSONA FOREIGN KEY (ID_NOMBRE_AFECTO) REFERENCES PERSONA(ID)
)

-- Tablas de Data Mart "TI" (7)

CREATE TABLE NIVEL_GRAVEDAD(
    ID INT IDENTITY PRIMARY KEY,
    NOMBRE_NIVEL VARCHAR(20) NOT NULL,
    DESCRIPCION VARCHAR(150)
)

CREATE TABLE PROBLEMA_TECNICO(
    ID INT IDENTITY PRIMARY KEY,
    ID_NIVEL_GRAVEDAD INT NOT NULL,
    ID_TIEMPO INT NOT NULL,
    FECHA_DETECCION INT NOT NULL,
    FECHA_SOLUCON INT,
    CONSTRAINT PROBLEMA_TECNICO_NIVEL_GRAVEDAD FOREIGN KEY (ID_NIVEL_GRAVEDAD) REFERENCES NIVEL_GRAVEDAD (ID),
    CONSTRAINT PROBLEMA_TECNICO_TIEMPO FOREIGN KEY (ID_TIEMPO) REFERENCES TIEMPO (ID)
)

CREATE TABLE UBICACION(
    ID INT IDENTITY PRIMARY KEY,
    TIPO_NUBE VARCHAR(100) NOT NULL,
    ID_PROVEEDOR INT NOT NULL,
    REGION_SERVIDOR VARCHAR(100),
    ZONA_DE_DISPONIBILIDAD VARCHAR(100),
    IP_PUBLICA VARCHAR(100),
    CONSTRAINT UBICACION_PROVEEDOR FOREIGN KEY (ID_PROVEEDOR) REFERENCES PROVEEDORES (ID)
)

CREATE TABLE RECURSO(
    ID INT IDENTITY PRIMARY KEY,
    TIPO VARCHAR(100) NOT NULL,
    CAPACIDAD DECIMAL NOT NULL,
    ID_UBICACION INT,
    CONSTRAINT RECURSO_UBICACION FOREIGN KEY (ID_UBICACION) REFERENCES UBICACION (ID)
)

CREATE TABLE USUARIO(
    ID INT IDENTITY PRIMARY KEY,
    ID_PERSONA INT NOT NULL,
    ID_AREA INT,
    NIVEL_DE_ACCESO VARCHAR(16),
    CONSTRAINT USUARIO_PERSONA FOREIGN KEY (ID_PERSONA) REFERENCES PERSONA (ID),
    CONSTRAINT USUARIO_AREA FOREIGN KEY (ID_AREA) REFERENCES AREA (ID)
)

CREATE TABLE SISTEMA(
    ID INT IDENTITY PRIMARY KEY,
    NOMBRE VARCHAR(100) NOT NULL,
    TIPO VARCHAR(100) NOT NULL,
    VERSION_ACTUALIZACION VARCHAR(100),
    ID_PROVEEDOR INT,
    CONSTRAINT SISTEMA_PROVEEDOR FOREIGN KEY (ID_PROVEEDOR) REFERENCES PROVEEDORES (ID)
)

CREATE TABLE FACT_RENDIMIENTO(
    ID INT IDENTITY PRIMARY KEY,
    ID_TIEMPO INT,
    HORA TIME,
    ID_SISTEMA INT,
    ID_RECURSO INT,
    TIEMPO_RESPUESTA DECIMAL,
    ID_PROBLEMA_TECNICO INT,
    USO_PORCENTUAL_RECURSO NUMERIC,
    CONSTRAINT FACT_RENDIMIENTO_TIEMPO FOREIGN KEY (ID_TIEMPO) REFERENCES TIEMPO (ID),
    CONSTRAINT FACT_RENDIMIENTO_SISTEMA FOREIGN KEY (ID_SISTEMA) REFERENCES SISTEMA (ID),
    CONSTRAINT FACT_RENDIMIENTO_RECURSO FOREIGN KEY (ID_RECURSO) REFERENCES RECURSO (ID),
    CONSTRAINT FACT_RENDIMIENTO_PROBLEMA_TECNICO FOREIGN KEY (ID_PROBLEMA_TECNICO) REFERENCES PROBLEMA_TECNICO (ID)
)


--TABLAS DE HECHO DIMENSIONALES

CREATE TABLE FACT_ESTADISTICA_ANUNCIO_FACTURAS(
	ID INT IDENTITY PRIMARY KEY,
	ID_FACT_ESTADISTICA_ANUNCIO INT,
	FOLIO_FACT_FACTURAS INT,
	CONSTRAINT FACT_ANUN3 FOREIGN KEY (ID_FACT_ESTADISTICA_ANUNCIO) REFERENCES FACT_ESTADISTICA_ANUNCIO (ID),
	CONSTRAINT FACT_FACTU4 FOREIGN KEY (FOLIO_FACT_FACTURAS) REFERENCES FACT_FACTURAS (FOLIO)
)

CREATE TABLE FACT_CAPACITACION_RENDIMIENTO_TICKETS(
	ID INT IDENTITY PRIMARY KEY,
	ID_FACT_CAPACITACION INT,
	ID_FACT_RENDIMIENTO INT,
	ID_FACT_TICKETS INT,
	CONSTRAINT FACT_CAPA FOREIGN KEY (ID_FACT_CAPACITACION) REFERENCES FACT_CAPACITACION (ID),
	CONSTRAINT FACT_REND FOREIGN KEY (ID_FACT_RENDIMIENTO) REFERENCES FACT_RENDIMIENTO (ID),
	CONSTRAINT FACT_TICK FOREIGN KEY (ID_FACT_TICKETS) REFERENCES FACT_TICKETS (NUMERO)
)

CREATE TABLE FACT_FACTURAS_ESTADISTICAS_ANUNCIO(
	ID INT IDENTITY PRIMARY KEY,
	ID_FACT_FACTURAS INT,
	ID_FACT_ESTADISTICA_ANUNCIO INT,
	CONSTRAINT FACT_FACTU FOREIGN KEY (ID_FACT_FACTURAS) REFERENCES FACT_FACTURAS (FOLIO),
	CONSTRAINT FACT_ANUN FOREIGN KEY (ID_FACT_ESTADISTICA_ANUNCIO) REFERENCES FACT_ESTADISTICA_ANUNCIO (ID)
)

CREATE TABLE FACT_INFLUENCIA_FACTURA(
	ID INT IDENTITY PRIMARY KEY,
	ID_FACT_INFLUENCIA INT,
	ID_FACT_FACTURAS INT,
	CONSTRAINT FACT_INFLU FOREIGN KEY (ID_FACT_INFLUENCIA) REFERENCES FACT_INFLUENCIA (ID),
	CONSTRAINT FACT_FACTU2 FOREIGN KEY (ID_FACT_FACTURAS) REFERENCES FACT_FACTURAS (FOLIO)
)

CREATE TABLE FACT_TICKETS_FACTURAS_RENDIMIENTO(
	ID INT IDENTITY PRIMARY KEY,
	ID_FACT_TICKETS INT,
	ID_FACT_FACTURAS INT,
	ID_FACT_RENDIMIENTO INT,
	CONSTRAINT TICK2 FOREIGN KEY (ID_FACT_TICKETS) REFERENCES FACT_TICKETS (NUMERO),
	CONSTRAINT FACTU3 FOREIGN KEY (ID_FACT_FACTURAS) REFERENCES FACT_FACTURAS (FOLIO),
	CONSTRAINT REND2 FOREIGN KEY (ID_FACT_RENDIMIENTO) REFERENCES FACT_RENDIMIENTO (ID)
)

CREATE TABLE FACT_BALAN_ESTAD_REND_INCEN_CAPAC(
	ID INT IDENTITY PRIMARY KEY,
	ID_FACT_BALANCE_ACTIVO_PASIVO INT,
	ID_FACT_ESTADISTICA_ANUNCIO INT,
	ID_FACT_RENDIMIENTO INT,
	ID_FACT_INCENTIVO INT,
	ID_FACT_CAPACITACION INT,
	CONSTRAINT BALAN FOREIGN KEY (ID_FACT_BALANCE_ACTIVO_PASIVO) REFERENCES FACT_BALANCE_ACTIVO_PASIVO (ID),
	CONSTRAINT FACT_ANUN2 FOREIGN KEY (ID_FACT_ESTADISTICA_ANUNCIO) REFERENCES FACT_ESTADISTICA_ANUNCIO (ID),
	CONSTRAINT REND3 FOREIGN KEY (ID_FACT_RENDIMIENTO) REFERENCES FACT_RENDIMIENTO (ID),
	CONSTRAINT INCEN FOREIGN KEY (ID_FACT_INCENTIVO) REFERENCES FACT_INCENTIVO (ID),
	CONSTRAINT CAPA3 FOREIGN KEY (ID_FACT_CAPACITACION) REFERENCES FACT_CAPACITACION (ID)
)

-- Insert --


INSERT INTO PERSONA (RUT, NOMBRES, PRIMER_APELLIDO, SEGUNDO_APELLIDO)
VALUES 
    ('12345678-9', 'Juan', 'Gómez', 'López'),
    ('23456789-0', 'María', 'Fernández', 'Martínez'),
    ('34567890-1', 'Pedro', 'Hernández', 'González'),
    ('45678901-2', 'Laura', 'Díaz', 'Rodríguez'),
    ('56789012-3', 'Carlos', 'Vargas', 'Sánchez'),
    ('67890123-4', 'Ana', 'Pérez', 'García'),
    ('78901234-5', 'José', 'Torres', 'Ramírez'),
    ('89012345-6', 'Sofía', 'López', 'Flores'),
    ('90123456-7', 'Andrés', 'García', 'Herrera'),
    ('01234567-8', 'Valentina', 'Martínez', 'Silva'),
    ('12345678-9', 'Juan', 'Pérez', 'González'),
    ('23456789-0', 'María', 'López', 'Rodríguez'),
    ('34567890-1', 'Carlos', 'García', 'Fernández'),
    ('45678901-2', 'Luisa', 'Martínez', 'Hernández'),
    ('56789012-3', 'Andrés', 'Sánchez', 'Silva'),
    ('67890123-4', 'Laura', 'Torres', 'Gómez'),
    ('78901234-5', 'José', 'Romero', 'Vargas'),
    ('89012345-6', 'Sofía', 'Navarro', 'Molina'),
    ('90123456-7', 'Pedro', 'Guerrero', 'Rojas'),
    ('01234567-8', 'Ana', 'Flores', 'Herrera'),
    ('12345678-9', 'Miguel', 'González', 'López'),
    ('23456789-0', 'Carolina', 'Silva', 'Fernández'),
    ('34567890-1', 'Roberto', 'Ramírez', 'Hernández'),
    ('45678901-2', 'Gabriela', 'Rodríguez', 'García'),
    ('56789012-3', 'Fernando', 'Vargas', 'Martínez'),
    ('67890123-4', 'Luis', 'Pérez', 'Gómez'),
    ('78901234-5', 'Marcela', 'Torres', 'Ramírez'),
    ('89012345-6', 'Javier', 'López', 'Flores'),
    ('90123456-7', 'Carmen', 'García', 'Herrera'),
    ('01234567-8', 'Andrea', 'Martínez', 'Silva'),
    ('12345678-9', 'Patricia', 'Pérez', 'González'),
    ('23456789-0', 'Hugo', 'López', 'Rodríguez'),
    ('34567890-1', 'Ana', 'García', 'Fernández'),
    ('45678901-2', 'Daniel', 'Martínez', 'Hernández'),
    ('56789012-3', 'Laura', 'Sánchez', 'Silva'),
    ('67890123-4', 'Pablo', 'Torres', 'Gómez'),
    ('78901234-5', 'María', 'Romero', 'Vargas'),
    ('89012345-6', 'Fernanda', 'Navarro', 'Molina'),
    ('90123456-7', 'Diego', 'Guerrero', 'Rojas'),
    ('01234567-8', 'Carla', 'Flores', 'Herrera');


INSERT INTO REGION (NOMBRE)
VALUES
    ('Arica y Parinacota'),
    ('Tarapacá'),
    ('Antofagasta'),
    ('Atacama'),
    ('Coquimbo'),
    ('Valparaíso'),
    ('Metropolitana de Santiago'),
    ('Libertador General Bernardo O''Higgins'),
    ('Maule'),
    ('Ñuble'),
    ('Biobío'),
    ('La Araucanía'),
    ('Los Ríos'),
    ('Los Lagos'),
    ('Aysén del General Carlos Ibáñez del Campo'),
    ('Magallanes y de la Antártica Chilena');

INSERT INTO COMUNA (NOMBRE, ID_REGION)
VALUES
    ('Arica', 1),
    ('Putre', 1),
    ('Iquique', 2),
    ('Pozo Almonte', 2),
    ('Antofagasta', 3),
    ('Calama', 3),
    ('Copiapó', 4),
    ('Vallenar', 4),
    ('La Serena', 5),
    ('Coquimbo', 5),
    ('Valparaíso', 6),
    ('Viña del Mar', 6),
    ('Santiago', 7),
    ('Puente Alto', 7),
    ('Rancagua', 8),
    ('Machalí', 8),
    ('Talca', 9),
    ('Curicó', 9),
    ('Chillán', 10),
    ('Bulnes', 10),
    ('Concepción', 11),
    ('Talcahuano', 11),
    ('Temuco', 12),
    ('Padre Las Casas', 12),
    ('Valdivia', 13),
    ('La Unión', 13),
    ('Puerto Montt', 14),
    ('Osorno', 14),
    ('Coyhaique', 15),
    ('Puerto Aysén', 15),
    ('Punta Arenas', 16),
    ('Puerto Natales', 16),
	('Camarones', 1),
    ('General Lagos', 1),
    ('Putre II', 1),
    ('Codpa', 1),
    ('Belén', 1),
	('Alto Hospicio', 2),
    ('Pica', 2),
    ('Huara', 2),
    ('Camiña', 2),
    ('Colchane', 2),
	('Mejillones', 3),
    ('Tocopilla', 3),
    ('Maria Elena', 3),
    ('Ollagüe', 3),
    ('San Pedro de Atacama', 3),
	('Tierra Amarilla', 4),
    ('Freirina', 4),
    ('Huasco', 4),
    ('Alto del Carmen', 4),
    ('Vicuña', 4),
	('Andacollo', 5),
    ('Illapel', 5),
    ('Los Vilos', 5),
    ('Salamanca', 5),
    ('Ovalle', 5),
	('Quilpué', 6),
    ('Villa Alemana', 6),
    ('Quintero', 6),
    ('Limache', 6),
    ('Casablanca', 6),
	('Maipú II', 7),
    ('La Florida', 7),
    ('Providencia II', 7),
    ('Las Condes', 7),
    ('Peñalolén', 7),
	('San Fernando', 8),
    ('Rengo', 8),
    ('Peumo', 8),
    ('Pichidegua', 8),
    ('Requínoa', 8),
	('Linares', 9),
    ('Cauquenes', 9),
    ('Parral', 9),
    ('Constitución', 9),
    ('San Clemente', 9),
	('Quillón', 10),
    ('San Carlos', 10),
    ('Yungay', 10),
    ('Chillán II', 10),
    ('Bulnes II', 10),
	('Coronel', 11),
    ('Hualpén', 11),
    ('Lota', 11),
    ('Tome', 11),
    ('Santa Juana', 11),
	('Angol', 12),
    ('Collipulli', 12),
    ('Curarrehue', 12),
    ('Pucón', 12),
    ('Temuco II', 12),
	('Paillaco', 13),
    ('Panguipulli', 13),
    ('Corral', 13),
    ('Futrono', 13),
    ('Lanco', 13),
	('Puerto Varas', 14),
    ('Purranque', 14),
    ('Frutillar', 14),
    ('Osorno II', 14),
    ('Castro', 14),
	('Cisnes', 15),
    ('Cochrane', 15),
    ('O´Higgins', 15),
    ('Tortel', 15),
    ('Guaitecas', 15),
	('Porvenir', 16),
    ('Primavera', 16),
    ('Laguna Blanca', 16),
    ('Río Verde', 16),
    ('San Gregorio', 16);

INSERT INTO DIRECCION (CALLE, NUMERO, ID_COMUNA)
VALUES 
    ('Calle 1A', 100, 1),
    ('Calle 1B', 200, 1),
    ('Calle 1C', 300, 1),
    ('Calle 2A', 400, 2),
    ('Calle 2B', 500, 2),
    ('Calle 2C', 600, 2),
    ('Calle 3A', 700, 3),
    ('Calle 3B', 800, 3),
    ('Calle 3C', 900, 3),
    ('Calle 4A', 1000, 4),
    ('Calle 4B', 1100, 4),
    ('Calle 4C', 1200, 4),
    ('Calle 5A', 1300, 5),
    ('Calle 5B', 1400, 5),
    ('Calle 5C', 1500, 5),
    ('Calle 6A', 1600, 6),
    ('Calle 6B', 1700, 6),
    ('Calle 6C', 1800, 6),
    ('Calle 7A', 1900, 7),
    ('Calle 7B', 2000, 7),
    ('Calle 7C', 2100, 7),
    ('Calle 8A', 2200, 8),
    ('Calle 8B', 2300, 8),
    ('Calle 8C', 2400, 8),
    ('Calle 9A', 2500, 9),
    ('Calle 9B', 2600, 9),
    ('Calle 9C', 2700, 9),
    ('Calle 10A', 2800, 10),
    ('Calle 10B', 2900, 10),
    ('Calle 10C', 3000, 10),
    ('Calle 11A', 3100, 11),
    ('Calle 11B', 3200, 11),
    ('Calle 11C', 3300, 11),
    ('Calle 12A', 3400, 12),
    ('Calle 12B', 3500, 12),
    ('Calle 12C', 3600, 12),
    ('Calle 13A', 3700, 13),
    ('Calle 13B', 3800, 13),
    ('Calle 13C', 3900, 13),
    ('Calle 14A', 4000, 14),
    ('Calle 14B', 4100, 14),
    ('Calle 14C', 4200, 14),
    ('Calle 15A', 4300, 15),
    ('Calle 15B', 4400, 15),
    ('Calle 15C', 4500, 15),
    ('Calle 16A', 4600, 16),
    ('Calle 16B', 4700, 16),
    ('Calle 16C', 4800, 16);

--<<< DATA MART RRHH >>>--

INSERT INTO AREA (NOMBRE, GERENTE)
VALUES ('Recursos Humanos', 'Marcela Rebolledo'),
       ('TI', 'Oscar Durán'),
       ('Marketing', 'Daniela Iturra'),
       ('Contabilidad', 'Pamela Salazar'),
       ('Servicio Técnico', 'Ramón Soto'),
       ('Legal', 'Alan Palma');

INSERT INTO EMPLEADO (ID_PERSONA, ID_DIRECCION, ID_AREA, CARGO)
VALUES 
    (1, 1, 1, 'Asistente de Recursos Humanos'),
    (2, 2, 2, 'Analista de Sistemas'),
    (3, 3, 3, 'Ejecutivo de Ventas'),
    (4, 4, 4, 'Contador'),
    (5, 5, 5, 'Técnico'),
    (6, 6, 6, 'Abogado'),
    (7, 7, 1, 'Administrativo'),
    (8, 8, 2, 'Testing QA'),
    (9, 9, 3, 'Especialista en Marketing'),
    (10, 10, 4, 'Analista contabilidad'),
    (11, 11, 1, 'Reclutador'),
    (12, 12, 2, 'Desarrollador de Software'),
    (13, 13, 3, 'Gerente de Ventas'),
    (14, 14, 4, 'Auditor'),
    (15, 15, 5, 'Soporte Técnico'),
    (16, 16, 6, 'Asesor Legal'),
    (17, 17, 1, 'Asistente Administrativo'),
    (18, 18, 2, 'Ingeniero de Pruebas'),
    (19, 19, 3, 'Analista de Marketing Digital'),
    (20, 20, 4, 'Analista Financiero');


INSERT INTO CURSO (NOMBRE, DESCRIPCION)
VALUES ('Curso de Excel', 'Curso para aprender a utilizar Microsoft Excel'),
    ('Curso de Programación', 'Curso introductorio a la programación'),
    ('Curso de Marketing Digital', 'Curso para aprender estrategias de marketing en línea'),
    ('Curso de Contabilidad Básica', 'Curso para comprender los fundamentos de la contabilidad'),
    ('Curso de Redes Informáticas', 'Curso para aprender sobre redes de computadoras'),
    ('Curso de Derecho Laboral', 'Curso para entender lalegislación laboral'),
    ('Curso de Ventas', 'Curso para mejorar las habilidades de ventas'),
    ('Curso de Comunicación Efectiva', 'Curso para mejorar las habilidades de comunicación'),
    ('Curso de Gestión de Proyectos', 'Curso para aprender a gestionar proyectos'),
    ('Curso de Control de Calidad', 'Curso para entender los conceptos de control de calidad'),
    ('Curso de Liderazgo', 'Curso para desarrollar habilidades de liderazgo'),
    ('Curso de Recursos Humanos', 'Curso para comprender los procesos de recursos humanos');

INSERT INTO RESULTADO (TIPO_RESULTADO, DESCRIPCION)
VALUES ('Aprobado', 'Descripción del resultado aprobado'),
       ('En curso', 'Descripción del resultado en curso'),
       ('Reprobado', 'Descripción del resultado reprobado'),
       ('Suspendido', 'Descripción del resultado suspendido'),
       ('Cancelado', 'Descripción del resultado cancelado');

INSERT INTO TIPO_INCENTIVO (TIPO, DESCRIPCION)
VALUES ('Por metas cumplidas', 'Descripción del incentivo por metas cumplidas'),
       ('Por innovación', 'Descripción del incentivo por innovación'),
       ('Por comisión', 'Descripción del incentivo por comisión'),
       ('Por desempeño', 'Descripción del incentivo por desempeño'),
       ('Por logro de objetivos', 'Descripción del incentivo por logro de objetivos');

INSERT INTO TIEMPO (FECHA, MES, ANIO, HORA, DIA_SEMANA)
VALUES 
    ('2023-01-01', '2023-01-01', '2023-01-01', '00:00:00', '2023-01-01'),
    ('2023-02-02', '2023-02-02', '2023-02-02', '01:00:00', '2023-02-02'),
    ('2023-03-03', '2023-03-03', '2023-03-03', '02:00:00', '2023-03-03'),
    ('2023-04-04', '2023-04-04', '2023-04-04', '03:00:00', '2023-04-04'),
    ('2023-05-05', '2023-05-05', '2023-05-05', '04:00:00', '2023-05-05'),
    ('2023-06-06', '2023-06-06', '2023-06-06', '05:00:00', '2023-06-06'),
    ('2023-07-07', '2023-07-07', '2023-07-07', '06:00:00', '2023-07-07'),
    ('2023-08-08', '2023-08-08', '2023-08-08', '07:00:00', '2023-08-08'),
    ('2023-09-09', '2023-09-09', '2023-09-09', '08:00:00', '2023-09-09'),
    ('2023-10-10', '2023-10-10', '2023-10-10', '09:00:00', '2023-10-10'),
    ('2023-11-11', '2023-11-11', '2023-11-11', '10:00:00', '2023-11-11'),
    ('2023-12-12', '2023-12-12', '2023-12-12', '11:00:00', '2023-12-12'),
    ('2024-01-01', '2024-01-01', '2024-01-01', '12:00:00', '2024-01-01'),
    ('2024-02-02', '2024-02-02', '2024-02-02', '13:00:00', '2024-02-02'),
    ('2024-03-03', '2024-03-03', '2024-03-03', '14:00:00', '2024-03-03'),
    ('2024-04-04', '2024-04-04', '2024-04-04', '15:00:00', '2024-04-04');


INSERT INTO FACT_EVALUACION_DESEMPENIO (ID_EMPLEADO, ID_TIEMPO, ID_RESULTADO, FECHA, CRITERIO, PUNTUACION)
VALUES
    (1, 1, 1, '2023-01-01', 'Criterio 1', 4),
    (2, 2, 3, '2023-02-15', 'Criterio 2', 3),
    (3, 3, 2, '2023-03-10', 'Criterio 3', 5),
    (4, 4, 1, '2023-04-22', 'Criterio 4', 2),
    (5, 5, 4, '2023-05-05', 'Criterio 5', 4),
    (6, 6, 2, '2023-06-30', 'Criterio 6', 3),
    (7, 7, 3, '2023-07-10', 'Criterio 7', 5),
    (8, 8, 4, '2023-08-18', 'Criterio 8', 2),
    (9, 9, 1, '2023-09-25', 'Criterio 9', 4),
    (10, 10, 2, '2023-10-31', 'Criterio 10', 3);

INSERT INTO EVA_DESEMPENIO_EMPLEADO (ID_FACT_EVALUACION_DESEMPENIO, ID_EMPLEADO)
VALUES
    (1, 1),
    (2, 2),
    (3, 3),
    (4, 4),
    (5, 5),
    (6, 6),
    (7, 7),
    (8, 8),
    (9, 9),
    (10, 10);

INSERT INTO FACT_CAPACITACION (ID_CURSO, ID_TIEMPO, ID_RESULTADO, DURACION, FECHA_INICIO, FECHA_TERMINO)
VALUES
    (1, 1, 1, 8, '2023-01-15', '2023-01-22'),
    (2, 2, 3, 12, '2023-02-05', '2023-02-17'),
    (3, 3, 2, 6, '2023-03-10', '2023-03-16'),
    (4, 4, 1, 10, '2023-04-01', '2023-04-11'),
    (5, 5, 4, 8, '2023-05-15', '2023-05-22'),
    (6, 6, 2, 16, '2023-06-05', '2023-06-21'),
    (7, 7, 3, 6, '2023-07-10', '2023-07-16'),
    (8, 8, 4, 12, '2023-08-01', '2023-08-13'),
    (9, 9, 1, 8, '2023-09-15', '2023-09-22'),
    (10, 10, 2, 10, '2023-10-01', '2023-10-11');

INSERT INTO CAPACITACION_EMPLEADO (ID_FACT_CAPACITACION, ID_EMPLEADO)
VALUES
    (1, 1),
    (2, 2),
    (3, 3),
    (4, 4),
    (5, 5),
    (6, 6),
    (7, 7),
    (8, 8),
    (9, 9),
    (10, 10);

INSERT INTO FACT_INCENTIVO (ID_TIPO_INCENTIVO, ID_TIEMPO, MONTO, FECHA)
VALUES
    (1, 1, 1000, '2023-01-10'),
    (2, 2, 500, '2023-02-20'),
    (3, 3, 750, '2023-03-05'),
    (4, 4, 200, '2023-04-15'),
    (5, 5, 300, '2023-05-25');


INSERT INTO INCENTIVO_EMPLEADO (ID_FACT_INCENTIVO, ID_EMPLEADO)
VALUES
    (1, 1),
    (2, 2),
    (3, 3),
    (4, 4),
    (5, 5);

--<<< DATA MART MARKETING >>>--

INSERT INTO GENERO (GENERO)
VALUES
    ('Rock'),
    ('Pop'),
    ('Hip-hop'),
    ('Reggaeton'),
    ('Jazz'),
    ('Blues'),
    ('Salsa'),
    ('Electrónica'),
    ('Folk'),
    ('Country');

INSERT INTO AUTOR (AUTOR)
VALUES
    ('The Beatles'),
    ('Michael Jackson'),
    ('Madonna'),
    ('Elvis Presley'),
    ('Bob Dylan'),
    ('Queen'),
    ('Abba'),
    ('David Bowie'),
    ('Prince'),
    ('Beyoncé');

INSERT INTO ALBUM (NOMBRE_ALBUM, ID_AUTOR, ID_GENERO)
VALUES
    ('Abbey Road', 1, 1),
    ('Thriller', 2, 2),
    ('Like a Virgin', 3, 2),
    ('Elvis Presley', 4, 1),
    ('Blonde on Blonde', 5, 1),
    ('A Night at the Opera', 6, 1),
    ('Arrival', 7, 2),
    ('Let''s Dance', 8, 1),
    ('Purple Rain', 9, 2),
    ('Lemonade', 10, 2)

INSERT INTO CANCION (ID_ALBUM, TITULO, DURACION)
VALUES
    (1, 'Come Together', 210),
    (1, 'Something', 180),
    (1, 'Here Comes the Sun', 200),
    (2, 'Beat It', 240),
    (2, 'Billie Jean', 270),
    (2, 'Thriller', 360),
    (3, 'Material Girl', 230),
    (3, 'Like a Virgin', 210),
    (3, 'Into the Groove', 190),
    (4, 'Blue Suede Shoes', 150),
    (4, 'Heartbreak Hotel', 170),
    (4, 'Hound Dog', 180),
    (5, 'Like a Rolling Stone', 360),
    (5, 'Rainy Day Women #12 & 35', 250),
    (5, 'Visions of Johanna', 410),
    (6, 'Bohemian Rhapsody', 360),
    (6, 'You''re My Best Friend', 210),
    (6, 'Love of My Life', 300),
    (7, 'Dancing Queen', 230),
    (7, 'Money, Money, Money', 200),
    (7, 'Knowing Me, Knowing You', 220),
    (8, 'Let''s Dance', 260),
    (8, 'China Girl', 270),
    (8, 'Modern Love', 250),
    (9, 'Purple Rain', 450),
    (9, 'When Doves Cry', 240),
    (9, 'Let''s Go Crazy', 230),
    (10, 'Formation', 210),
    (10, 'Sorry', 230),
    (10, 'Hold Up', 190);

INSERT INTO CUENTA (ID_PERSONA, TIPO_PLAN_SUSCRIPCION, TARJETA_DE_CREDITO, ID_TIEMPO)
VALUES
    (1, 'Premium', 'Visa', 1),
    (2, 'Anual', 'Mastercard', 2),
    (3, 'Semestral', 'American Express', 3),
    (4, 'Premium', 'Discover', 4),
    (5, 'Anual', 'Visa', 5),
    (6, 'Semestral', 'Mastercard', 6),
    (7, 'Premium', 'American Express', 7),
    (8, 'Anual', 'Discover', 8),
    (9, 'Semestral', 'Visa', 9),
    (10, 'Premium', 'Mastercard', 10)

INSERT INTO TRANSACCION (ID_CUENTA, MONTO_COMPRA, MEDIO_PAGO, FECHA_COMPRA, ID_TIEMPO)
VALUES
(1, 1500, 'Visa', '2023-01-01', 1),
(2, 2500, 'Mastercard', '2023-02-02', 2),
(3, 1800, 'American Express', '2023-03-03', 3),
(4, 2000, 'Discover', '2023-04-04', 4),
(5, 3500, 'Visa', '2023-05-05', 5),
(6, 2800, 'Mastercard', '2023-06-06', 6),
(7, 2100, 'American Express', '2023-07-07', 7),
(8, 1900, 'Discover', '2023-08-08', 8),
(9, 3200, 'Visa', '2023-09-09', 9),
(10, 2700, 'Mastercard', '2023-10-10', 10);


INSERT INTO VALORACION (ID_CUENTA, ID_CANCION, PUNTAJE)
VALUES
    (1, 1, 5),
    (1, 2, 4),
    (2, 3, 6),
    (2, 4, 3),
    (3, 5, 4),
    (3, 6, 5),
    (4, 7, 2),
    (4, 8, 6),
    (5, 9, 3),
    (5, 10, 4),
    (6, 11, 5),
    (6, 12, 4),
    (7, 13, 3),
    (7, 14, 6),
    (8, 15, 5),
    (8, 16, 4),
    (9, 17, 6),
    (9, 18, 3),
    (10, 19, 4),
    (10, 20, 5)

INSERT INTO SUSCRIPTOR (ID_CUENTA, ID_PERSONA, FECHA_INICIO_MEMBRESIA, FECHA_TERMINO_MEMBRESIA)
VALUES
    (1, 1, '2023-01-01', '2023-06-30'),
    (2, 2, '2023-01-02', '2023-07-01'),
    (3, 3, '2023-01-03', '2023-07-02'),
    (4, 4, '2023-01-04', '2023-07-03'),
    (5, 5, '2023-01-05', '2023-07-04'),
    (6, 6, '2023-01-06', '2023-07-05'),
    (7, 7, '2023-01-07', '2023-07-06'),
    (8, 8, '2023-01-08', '2023-07-07'),
    (9, 9, '2023-01-09', '2023-07-08'),
    (10, 10, '2023-01-10', '2023-07-09')

INSERT INTO PLAYLIST (ID_CUENTA, NOMBRE_PLAYLIST)
VALUES
    (1, 'Mis Favoritas'),
    (2, 'Para Bailar'),
    (3, 'Relax'),
    (4, 'Clásicos'),
    (5, 'Descubrimiento'),
    (6, 'Románticas'),
    (7, 'Éxitos Actuales'),
    (8, 'Rock Alternativo'),
    (9, 'Latinos'),
    (10, 'Rap Internacional')

INSERT INTO LISTADO_PLAYLIST (ID_PLAYLIST, ID_CANCION)
VALUES
    (1, 1),
    (1, 2),
    (1, 3),
    (2, 4),
    (2, 5),
    (2, 6),
    (3, 7),
    (3, 8),
    (3, 9),
    (4, 10),
    (4, 11),
    (4, 12),
    (5, 13),
    (5, 14),
    (5, 15),
    (6, 16),
    (6, 17),
    (6, 18),
    (7, 19),
    (7, 20),
    (7, 1),
    (8, 2),
    (8, 3),
    (8, 4),
    (9, 5),
    (9, 6),
    (9, 7),
    (10, 8),
    (10, 9),
    (10, 10)

INSERT INTO FACT_INFLUENCIA (ID_REGION, ID_GENERO, ID_CANCION, ID_TIEMPO, CANTIDAD_REPETICIONES)
VALUES
    (1, 1, 1, 1, 100),
    (2, 2, 2, 2, 200),
    (3, 3, 3, 3, 150),
    (4, 4, 4, 4, 120),
    (5, 5, 5, 5, 180),
    (6, 6, 6, 6, 90),
    (7, 7, 7, 7, 110),
    (8, 8, 8, 8, 130),
    (9, 9, 9, 9, 140),
    (10, 10, 10, 10, 160)

INSERT INTO PUBLICACION (ID_CUENTA, TITULO, TIPO, CONTENIDO, ID_TIEMPO)
VALUES
    (1, 'Nuevo álbum', 'Noticia', '¡Escucha el nuevo álbum de The Beatles!', 1),
    (2, 'Playlist de fiesta', 'Playlist', '¡La mejor música para bailar!', 2),
    (3, 'Relajación total', 'Playlist', 'Relájate con nuestra selección de música relajante.', 3),
    (4, 'Clásicos inolvidables', 'Playlist', 'Revive los clásicos de la música.', 4),
    (5, 'Descubre nuevos artistas', 'Noticia', 'Descubre a los artistas emergentes más prometedores.', 5),
    (6, 'Canciones románticas', 'Playlist', 'Dedica estas canciones a esa persona especial.', 6),
    (7, 'Los éxitos del momento', 'Playlist', 'Disfruta de los éxitos más actuales.', 7),
    (8, 'Rock alternativo', 'Playlist', 'Descubre el mejor rock alternativo de todos los tiempos.', 8),
    (9, 'Ritmo latino', 'Playlist', 'Baila al ritmo de la música latina.', 9),
    (10, 'Rap internacional', 'Playlist', 'Escucha los mejores temas de rap internacional.', 10)

-- Poblar la tabla RED_SOCIAL_PUBLICACION
INSERT INTO RED_SOCIAL_PUBLICACION (RED_SOCIAL, ID_PUBLICACION, ID_TIEMPO)
VALUES
    ('Facebook', 1, 1),
    ('Instagram', 2, 2),
    ('Twitter', 3, 3),
    ('Facebook', 4, 4),
    ('Instagram', 5, 5),
    ('Twitter', 6, 6),
    ('Facebook', 7, 7),
    ('Instagram', 8, 8),
    ('Twitter', 9, 9),
    ('Facebook', 10, 10)

INSERT INTO COMENTARIO (TIPO_COMENTARIO, ID_PUBLICACION, CATEGORIA, CONTENIDO, ID_TIEMPO)
VALUES
    ('Opinión', 1, 'Música', 'El nuevo álbum es increíble, me encanta!', 1),
    ('Sugerencia', 2, 'Música', 'Podrían incluir más canciones de reggaeton.', 2),
    ('Opinión', 3, 'Música', 'La música relajante me ayuda a concentrarme.', 3),
    ('Opinión', 4, 'Música', 'Los clásicos nunca pasan de moda.', 4),
    ('Opinión', 5, 'Música', 'Descubrí a un nuevo artista gracias a esta noticia.', 5),
    ('Opinión', 6, 'Música', 'Estas canciones me hacen recordar momentos especiales.', 6),
    ('Opinión', 7, 'Música', 'Los éxitos del momento siempre son contagiosos.', 7),
    ('Opinión', 8, 'Música', 'Me encanta el rock alternativo, ¡gracias por la playlist!', 8),
    ('Opinión', 9, 'Música', 'La música latina tiene un ritmo único.', 9),
    ('Opinión', 10, 'Música', 'El rap internacional es mi género favorito.', 10)


-- Comentario 4
INSERT INTO REACCIONES_COMENTARIO (ID_COMENTARIO, LIKES, HEARTS, DISLIKES, SHARES)
VALUES
    (1, 10, 5, 2, 3),
    (2, 3, 1, 0, 2),
    (3, 8, 2, 1, 4),
    (4, 6, 3, 1, 2),
    (5, 12, 4, 0, 5),
    (6, 7, 3, 1, 2),
    (7, 9, 5, 3, 4),
    (8, 4, 2, 0, 1),
    (9, 6, 3, 1, 2),
    (10, 11, 4, 2, 3)	

INSERT INTO ANUNCIO (ID_PUBLICACION, CATEGORIA, TITULO, ID_TIEMPO, COSTO)
VALUES
    (1, 'Oferta Especial', '¡Aprovecha esta oferta por tiempo limitado!', 1, 10000),
    (2, 'Nuevo Producto', 'Descubre nuestro nuevo producto innovador.', 2, 20000),
    (3, 'Promoción del Mes', 'No te pierdas nuestras increíbles promociones este mes.', 3, 30000),
    (4, 'Descuento Exclusivo', 'Obtén un descuento exclusivo al ser suscriptor.', 4,40000),
    (5, 'Evento Especial', 'Asiste a nuestro evento especial con grandes sorpresas.', 5, 543439),
    (6, 'Lanzamiento de Producto', '¡El nuevo producto ya está disponible!', 6, 699990),
    (7, 'Oferta de Verano', 'Disfruta del verano con nuestras ofertas imperdibles.', 7, 743242),
    (8, 'Promoción Única', 'Esta promoción es única y no la encontrarás en otro lugar.', 8, 8234234),
    (9, 'Descuento Especial', 'Obtén un descuento especial con tu suscripción.', 9, 9234234),
    (10, 'Gran Apertura', 'Ven y celebra con nosotros la gran apertura de nuestra tienda.', 10, 19990)


INSERT INTO ANUNCIO_FAVORITO (ID_ANUNCIO)
VALUES
    (1),
    (2),
    (3),
    (4),
    (5),
    (6),
    (7),
    (8),
    (9),
    (10)
 
INSERT INTO REACCIONES_ANUNCIO (ID_ANUNCIO, LIKES, HEARTS, DISLIKES, SHARES)
VALUES
    (1, 50, 20, 10, 30),
    (2, 40, 10, 5, 20),
    (3, 60, 30, 15, 40),
    (4, 30, 15, 8, 25),
    (5, 45, 25, 12, 35),
    (6, 55, 18, 9, 28),
    (7, 35, 12, 6, 22),
    (8, 65, 22, 11, 33),
    (9, 25, 8, 4, 18),
    (10, 50, 30, 15, 40)

INSERT INTO FACT_ESTADISTICA_ANUNCIO (ID_REACCIONES_ANUNCIO, ID_REGION, ID_TIEMPO, TOTAL_REACCIONES, TOTAL_ALCANCE)
VALUES
    (1, 1, 1, 500, 1000),
    (2, 2, 2, 400, 800),
    (3, 3, 3, 600, 1200),
    (4, 4, 4, 300, 600),
    (5, 5, 5, 450, 900),
    (6, 6, 6, 550, 1100),
    (7, 7, 7, 350, 700),
    (8, 8, 8, 650, 1300),
    (9, 9, 9, 250, 500),
    (10, 10, 10, 500, 1000)

--<<< LEGAL >>>--
INSERT INTO ABOGADO (ID_PERSONA)
VALUES
    (1),
    (2),
    (3),
    (4),
    (5),
    (6),
    (7),
    (8),
    (9),
    (10)
INSERT INTO CASO (ID_CUENTA, ID_ABOGADO, ASUNTO, DESCRIPCION, ESTADO, FECHA_APERTURA, FECHA_ACTUALIZACION, FECHA_CIERRE)
VALUES
    (1, 1, 'Divorcio', 'Divorcio de mutuo acuerdo', 'Abierto', '2023-01-01', '2023-01-05', '2023-01-15'),
    (2, 2, 'Contrato de arrendamiento', 'Redacción y revisión de contrato de arrendamiento', 'Abierto', '2023-02-01', '2023-02-05', '2023-02-15'),
    (3, 3, 'Demanda laboral', 'Representación en demanda laboral por despido injustificado', 'Cerrado', '2023-03-01', '2023-03-05', '2023-03-15'),
    (4, 4, 'Herencia', 'Asesoramiento en proceso de reparto de herencia', 'Abierto', '2023-04-01', '2023-04-05', '2023-04-15'),
    (5, 5, 'Demandante en juicio', 'Representación como demandante en juicio civil', 'Cerrado', '2023-05-01', '2023-05-05', '2023-05-15'),
    (6, 6, 'Defensa penal', 'Defensa en caso de robo agravado', 'Abierto', '2023-06-01', '2023-06-05', '2023-06-15'),
    (7, 7, 'Contrato de trabajo', 'Redacción y revisión de contrato de trabajo', 'Cerrado', '2023-07-01', '2023-07-05', '2023-07-15'),
    (8, 8, 'Demandado en juicio', 'Representación como demandado en juicio civil', 'Abierto', '2023-08-01', '2023-08-05', '2023-08-15'),
    (9, 9, 'Defensa penal', 'Defensa en caso de lesiones graves', 'Abierto', '2023-09-01', '2023-09-05', '2023-09-15'),
    (10, 10, 'Contrato de compraventa', 'Redacción y revisión de contrato de compraventa', 'Cerrado', '2023-10-01', '2023-10-05', '2023-10-15')


INSERT INTO DEVOLUCION (ID_TRANSACCION, NUMERO_BOLETA_ELECTRONICA, ESTADO, MOTIVO_DEVOLUCION, MONTO_DEVOLUCION, FECHA_SOLICITUD, FECHA_ACTUALIZACION, FECHA_CIERRE_SOLICITUD)
VALUES
(1, 'A3B8C1D9', 'Abierto', 'Devolución', '4200', '2023-01-05', '2023-01-10', '2023-01-15'),
(2, 'D5E2F7G4', 'En trámite', 'Cobro Excesivo', '6700', '2023-02-05', '2023-02-10', '2023-02-15'),
(3, 'H2I9J1K7', 'Abierto', 'Devolución', '2300', '2023-03-05', '2023-03-10', '2023-03-15'),
(4, 'L8M3N6O2', 'En trámite', 'Cobro no corresponde', '3200', '2023-04-05', '2023-04-10', '2023-04-15'),
(5, 'P5Q2R7S4', 'Abierto', 'Devolución', '4700', '2023-05-05', '2023-05-10', '2023-05-15'),
(6, 'T2U9V1W7', 'En trámite', 'Cobro Excesivo', '3700', '2023-06-05', '2023-06-10', '2023-06-15'),
(7, 'X8Y3Z6A2', 'Abierto', 'Devolución', '5200', '2023-07-05', '2023-07-10', '2023-07-15'),
(8, 'B1C8D3E9', 'En trámite', 'Cobro no corresponde', '5700', '2023-08-05', '2023-08-10', '2023-08-15'),
(9, 'F6G2H7I4', 'Abierto', 'Devolución', '2700', '2023-09-05', '2023-09-10', '2023-09-15'),
(10, 'J3K9L1M7', 'En trámite', 'Cobro Excesivo', '4500', '2023-10-05', '2023-10-10', '2023-10-15')


INSERT INTO CONTRATO_LEGAL(ID_PERSONA, PROPIETARIO_COMERCIAL, PROPIETARIO_LEGAL, NUMERO_REFERENCIA, CONTRAPARTE, TIPO_CONTRATO, APROBACION, ESTADO, VALOR_TOTAL, VALOR_ANUAL, DURACION_CONTRATO, ID_TIEMPO)
VALUES
(1, 'Juan Pérez', 'Pedro Gómez', 921249543, 'Empresa XYZ', 'Indefinido', 'Aprobado', 'Cerrado', 15000, 12000, 'Anual', 1),
(2, 'María González', 'Laura Torres', 921242243, 'Empresa ABC', 'Plazo Fijo', 'En espera', 'Abierto', 25000, 18000, 'Mensual', 2),
(3, 'Carlos Rodríguez', 'Roberto Sánchez', 921749987, 'Empresa 123', 'Obra', 'Rechazado', 'Cerrado', 50000, 30000, 'Anual', 3),
(4, 'Luisa Smith', 'Patricia Martínez', 978760313, 'Empresa QWE', 'Part Time', 'Aprobado', 'Abierto', 100000, 9000, 'Semestral', 4),
(5, 'Pedro López', 'Ricardo Fernández', 995432395, 'Empresa ASD', 'Vinculo laboral', 'En espera', 'Cerrado', 800000, 50000, 'Anual', 5),
(6, 'Ana Castro', 'Paula Ramírez', 994857341, 'Empresa ZXC', 'Indefinido', 'Rechazado', 'Abierto', 20000, 100000, 'Mensual', 6),
(7, 'Javier Hernández', 'Gabriel Silva', 993847522, 'Empresa RTY', 'Plazo Fijo', 'Aprobado', 'Cerrado', 350000, 25000, 'Anual', 7),
(8, 'Marcela Ortega', 'Verónica Vargas', 923113412,'Empresa FGH', 'Obra', 'En espera', 'Abierto', 70000, 40000, 'Mensual', 8),
(9, 'Roberto Morales', 'Rafael Valenzuela', 945367911, 'Empresa JKL', 'Part Time', 'Aprobado', 'Cerrado', 90000, 60000, 'Semestral', 9),
(10, 'Laura Herrera', 'Patricia Leiva', 943245611, 'Empresa QAZ', 'Vinculo laboral', 'Rechazado', 'Abierto', 120000, 80000, 'Anual', 10)

--<<<SOPORTE>>>--
INSERT INTO SOPORTES (RUT, ID_PERSONA)
VALUES (56789012-3, 15);

INSERT INTO SOPORTE_SUSCRIPTORES (TICKET, SUSCRIPTOR, ESTADO, OBSERVACION)
VALUES
  (1, 'Cliente 1', 'Abierto', 'no se puede entrar a la web'),
  (2, 'Cliente 2', 'Cerrado', 'hace 2 meses que no puedo pagar la suscripcion'),
  (3, 'Cliente 3', 'Abierto', 'sin poder ingresar a mi perfil'),
  (4, 'Cliente 4', 'En progreso', 'reestablecer contrasena'),
  (5, 'Cliente 5', 'Cerrado', 'no puedo visualizar un concierto');  

INSERT INTO SOPORTE_ADSCRIPTORES (TICKET, ADSCRIPTOR, ESTADO, OBSERVACION)
VALUES
  (1, 'Banda 1', 'Abierto', 'no cargan los albumes'),
  (2, 'Banda 2', 'Cerrado', 'no se pueden reproducir las canciones subidas'),
  (3, 'Banda 3', 'Abierto', 'no se puede cargar material de musica'),
  (4, 'Banda 4', 'En progreso', 'se cargaron canciones duplicadas en sistema'),
  (5, 'Banda 5', 'Cerrado', 'sin permiso para subir material');

INSERT INTO FACT_TICKETS (ID_SOPORTES, ID_NOMBRE_AFECTO, TIPO_INCIDENCIA, PLATAFORMA, OBSERVACION, RESPALDO, ID_FECHA)
VALUES
  (1, 1, 'Tipo 1', 'tecnica', 'no se puede entrar a la web', 'Respaldo 1', 1),
  (1, 2, 'Tipo 2', 'reclamo', 'hace 2 meses que no puedo pagar la suscripcion', 'Respaldo 2', 2),
  (1, 3, 'Tipo 3', 'sugerencia', 'sin poder ingresar a mi perfil', 'Respaldo 3', 3),
  (1, 4, 'Tipo 4', 'tecnica', 'reestablecer contrasena', 'Respaldo 4', 4),
  (1, 5, 'Tipo 5', 'Plataforma', 'no puedo visualizar un concierto', 'Respaldo 5', 5),
  (1, 6, 'Tipo 6', 'reclamo', 'no cargan los albumes', 'Respaldo 6', 6),
  (1, 7, 'Tipo 7', 'tecnica', 'no se pueden reproducir las canciones subidas', 'Respaldo 7', 7),
  (1, 8, 'Tipo 8', 'Plataforma', 'no se puede cargar material de musica', 'Respaldo 8', 8),
  (1, 9, 'Tipo 9', 'reclamo', 'se cargaron canciones duplicadas en sistema', 'Respaldo 9', 9),
  (1, 10, 'Tipo 10', 'Plataforma', 'sin permiso para subir material', 'Respaldo 10', 10);

--<<<CONTABILIDAD>>>--

INSERT INTO CONTAB_ADSCRIPTORES (NOMBRE, FECHA_DESDE, TOTAL_FACTURAS)
VALUES ('The Beatles', '2022-01-01', 10),
       ('Michael Jackson', '2021-12-15', 8),
       ('Madonna', '2022-02-28', 5),
       ('Elvis Presley', '2022-03-10', 12),
       ('Bob Dylan', '2022-02-01', 6),	   
	   ('Queen', '2022-01-01', 20),
       ('Abba', '2021-12-15', 18),
       ('David Bowie', '2022-02-28', 15),
	   ('Prince', '2022-03-10', 12),
       ('Beyoncé', '2022-02-01', 16);

INSERT INTO CONTAB_SUSCRIPTORES (NOMBRE, FECHA_DESDE, TOTAL_FACTURAS)
VALUES ('Cliente 1', '2022-01-01', 15),
       ('Cliente 2', '2022-02-15', 20),
       ('Cliente 3', '2022-03-01', 10),
       ('Cliente 4', '2022-04-10', 18),
       ('Cliente 5', '2022-03-15', 12);

INSERT INTO TIPOPASIVO (NOMBRE, DESCRIPCION)
VALUES ('Compras a Proveedores', 'Gastos realizados por compras a proveedores.'),
       ('Gastos de RRHH', 'Gastos relacionados con el personal de la empresa.'),
       ('Gastos Operativos', 'Gastos necesarios para el funcionamiento diario de la empresa.'),
       ('Gastos de Marketing', 'Gastos en actividades de marketing y publicidad.'),
       ('Gastos Administrativos', 'Gastos asociados a la administracion de la empresa.');

INSERT INTO PASIVOS (FECHA, CANTIDAD, TOTAL, ID_TIPOPASIVO, ID_BALANCE)
VALUES ('2023-01-15', 500, 10000, 1, 1),
       ('2023-02-28', 1000, 15000, 2, 1),
       ('2023-03-10', 750, 8000, 1, 2),
       ('2023-04-05', 600, 12000, 3, 2),
       ('2023-05-20', 800, 10000, 4, 3);

INSERT INTO ACTIVOS (FECHA, NOMBRE, DESCRIPCION, CANTIDAD, TOTAL, BALANCE)
VALUES ('2023-01-01', 'Equipo de Computacion', 'Computadoras y accesorios', 5, 10000, 50000),
       ('2023-02-15', 'Maquinaria Industrial', 'Maquinas y herramientas para la produccion', 3, 15000, 45000),
       ('2023-03-10', 'Vehiculos de Transporte', 'Automoviles y camiones', 2, 20000, 40000),
       ('2023-04-20', 'Inmuebles', 'Edificios y terrenos', 1, 50000, 50000),
       ('2023-05-05', 'Mobiliario de Oficina', 'Escritorios, sillas y archivadores', 10, 5000, 50000),
       ('2023-06-10', 'Equipos de Produccion', 'Maquinas y herramientas especializadas', 8, 10000, 80000),
       ('2023-07-15', 'Inventarios', 'Productos en almacen para la venta', 1000, 10, 10000),
       ('2023-08-25', 'Patentes y Licencias', 'Derechos exclusivos sobre productos o servicios', 5, 5000, 25000),
       ('2023-09-10', 'Cuentas por Cobrar', 'Dinero adeudado por clientes', 20, 1000, 20000),
       ('2023-10-05', 'Otras Inversiones', 'Inversiones financieras y otros activos', 3, 50000, 150000); 

INSERT INTO FACT_BALANCE_ACTIVO_PASIVO (ID_ACTIVOS, ID_PASIVOS, ID_TIEMPO, TOTAL_BALANCE)
VALUES (1, 1, 3, 50000),
       (2, 1, 4, 45000),
       (3, 2, 5, 20000),
       (4, 3, 4, 50000),
       (5, 4, 5, 50000),
       (6, 5, 6, 80000),
       (7, 1, 7, 10000),
       (8, 2, 3, 25000),
       (9, 3, 4, 20000),
       (10, 4, 5, 150000);

INSERT INTO FACT_FACTURAS (ID_PERSONA, ID_DIRECCION, ID_TIEMPO, DESCRIPCION, CANTIDAD, SERVICIO, MONTO, TOTAL)
VALUES (1, 1, 3, 'Factura 1', 2, 'Servicio A', 1000, 2000),
       (2, 2, 4, 'Factura 2', 3, 'Servicio B', 1500, 4500),
       (3, 3, 5, 'Factura 3', 1, 'Servicio C', 500, 500),
       (4, 4, 4, 'Factura 4', 4, 'Servicio D', 2000, 8000),
       (5, 5, 5, 'Factura 5', 2, 'Servicio E', 1000, 2000),
       (1, 2, 6, 'Factura 6', 1, 'Servicio F', 500, 500),
       (2, 3, 7, 'Factura 7', 3, 'Servicio G', 1500, 4500),
       (3, 4, 3, 'Factura 8', 2, 'Servicio H', 1000, 2000),
       (4, 5, 4, 'Factura 9', 4, 'Servicio I', 2000, 8000),
       (5, 1, 5, 'Factura 10', 2, 'Servicio J', 1000, 2000);

INSERT INTO PROVEEDORES (NOMBRE, DIRECCION_CALLE, NUMERO, COMUNA, CANTIDAD_COMPRAS, NUM_ORDEN)
VALUES ('Proveedor 1', 'Calle A', 123, 'Comuna 1', 5, 100),
       ('Proveedor 2', 'Calle B', 456, 'Comuna 2', 3, 101),
       ('Proveedor 3', 'Calle C', 789, 'Comuna 3', 8, 102),
       ('Proveedor 4', 'Calle D', 1011, 'Comuna 4', 2, 103),
       ('Proveedor 5', 'Calle E', 1213, 'Comuna 5', 4, 104);

INSERT INTO COMPRAS (NOMBRE, NOM_PROVEEDOR, CANTIDAD, TOTAL, ID_FACTURA, ID_PROVEEDOR)
VALUES ('Compra 1', 'Proveedor 1', 5, 2000, 3, 1),
       ('Compra 2', 'Proveedor 2', 3, 1500, 4, 2),
       ('Compra 3', 'Proveedor 3', 6, 500, 5, 3),
       ('Compra 4', 'Proveedor 4', 4, 2000, 6, 4),
       ('Compra 5', 'Proveedor 5', 6, 1000, 8, 5);

INSERT INTO PRESUPUESTOS (FECHA, NOMBRE_PRESUPUESTO, DESCRIPCION, CANTIDAD, VALOR, TOTAL, ID_PROVEEDOR, ID_NUMERO_ORDEN)
VALUES ('2023-01-01', 'Presupuesto 1', 'Descripcion 1', 2, 500, 1000, 1, 1),
       ('2023-02-15', 'Presupuesto 2', 'Descripcion 2', 3, 800, 2400, 2, 2),
       ('2023-03-10', 'Presupuesto 3', 'Descripcion 3', 1, 300, 300, 3, 5),
       ('2023-04-20', 'Presupuesto 4', 'Descripcion 4', 4, 1000, 4000, 4, 4),
       ('2023-05-05', 'Presupuesto 5', 'Descripcion 5', 2, 600, 1200, 5, 3);

INSERT INTO FACTURAS_CONTAB_ADSCRIPTORES (FECHA, NOMBRE_ADSCRIPTOR, SERVICIO, CANTIDAD, TOTAL, CALLE, ID_CONTAB_ADSCIPTORES, ID_FACTURAS)
VALUES ('2023-01-01', 'Banda 1', 'Servicio A', 2, 2000, 'Calle A', 1, 3),
       ('2023-02-15', 'Banda 2', 'Servicio B', 3, 1500, 'Calle B', 2, 4),
       ('2023-03-10', 'Banda 3', 'Servicio C', 1, 500, 'Calle C', 3, 5),
       ('2023-04-20', 'Banda 4', 'Servicio D', 4, 2000, 'Calle D', 4, 6),
       ('2023-05-05', 'Banda 5', 'Servicio E', 2, 1000, 'Calle E', 5, 7);


INSERT INTO FACTURAS_CONTAB_SUSCRIPTORES (FECHA, NOMBRE_SUSCRIPTOR, SERVICIO, CANTIDAD, TOTAL, IVA, ID_CONTAB_SUSCIPTORES, ID_FACTURA)
VALUES ('2023-01-01', 'Cliente 1', 'Servicio A', 2, 2000, 200, 1, 3),
       ('2023-02-15', 'Cliente 2', 'Servicio B', 3, 1500, 150, 2, 4),
       ('2023-03-10', 'Cliente 3', 'Servicio C', 1, 500, 50, 3, 5),
       ('2023-04-20', 'Cliente 4', 'Servicio D', 4, 2000, 200, 4, 6),
       ('2023-05-05', 'Cliente 5', 'Servicio E', 2, 1000, 100, 5, 7);

INSERT INTO FACT_FACTURAS_PERSONAS (ID_PERSONA, ID_FACTURAS, ID_TIEMPO, PERIODO, TOTAL_FACTURAS)
VALUES (1, 3, 3, 'Enero 2023', 2000),
       (2, 4, 4, 'Febrero 2023', 1500),
       (3, 5, 5, 'Marzo 2023', 500),
       (4, 6, 6, 'Abril 2023', 2000),
       (5, 7, 7, 'Mayo 2023', 1000),
       (1, 8, 3, 'Junio 2023', 500),
       (2, 3, 4, 'Julio 2023', 1500),
       (3, 4, 5, 'Agosto 2023', 1000),
       (4, 5, 6, 'Septiembre 2023', 2000),
       (5, 6, 7, 'Octubre 2023', 1000);


--<<<TI>>>--

INSERT INTO NIVEL_GRAVEDAD (NOMBRE_NIVEL, DESCRIPCION)
VALUES
    ('Alto', 'Problema crítico'),
    ('Medio', 'Problema de importancia media'),
    ('Bajo', 'Problema de baja importancia'),
    ('Alto', 'Problema grave'),
    ('Medio', 'Problema moderado'),
    ('Bajo', 'Problema leve'),
    ('Alto', 'Problema urgente'),
    ('Medio', 'Problema normal'),
    ('Bajo', 'Problema menor'),
    ('Alto', 'Problema importante');

INSERT INTO PROBLEMA_TECNICO (ID_NIVEL_GRAVEDAD, ID_TIEMPO, FECHA_DETECCION, FECHA_SOLUCON)
VALUES
    (1, 1, 20230101, NULL),
    (2, 2, 20230202, NULL),
    (3, 3, 20230303, NULL),
    (1, 4, 20230404, NULL),
    (2, 5, 20230505, NULL),
    (3, 6, 20230606, NULL),
    (1, 7, 20230707, NULL),
    (2, 8, 20230808, NULL),
    (3, 9, 20230909, NULL),
    (1, 10, 20231010, NULL);

INSERT INTO UBICACION (TIPO_NUBE, ID_PROVEEDOR, REGION_SERVIDOR, ZONA_DE_DISPONIBILIDAD, IP_PUBLICA)
VALUES
    ('Amazon Web Services', 1, 'US East', 'Zone A', '192.168.1.1'),
    ('Microsoft Azure', 2, 'North Europe', 'Zone B', '192.168.1.2'),
    ('Google Cloud', 3, 'Asia Pacific', 'Zone C', '192.168.1.3'),
    ('Amazon Web Services', 1, 'US West', 'Zone D', '192.168.1.4'),
    ('Microsoft Azure', 2, 'West Europe', 'Zone E', '192.168.1.5'),
    ('Google Cloud', 3, 'South America', 'Zone F', '192.168.1.6'),
    ('Amazon Web Services', 1, 'Canada Central', 'Zone G', '192.168.1.7'),
    ('Microsoft Azure', 2, 'East Asia', 'Zone H', '192.168.1.8'),
    ('Google Cloud', 3, 'Australia', 'Zone I', '192.168.1.9'),
    ('Amazon Web Services', 1, 'South Africa', 'Zone J', '192.168.1.10');

INSERT INTO RECURSO (TIPO, CAPACIDAD, ID_UBICACION)
VALUES
    ('CPU', 2.5, 1),
    ('RAM', 8.0, 2),
    ('Storage', 500.0, 3),
    ('CPU', 3.0, 4),
    ('RAM', 16.0, 5),
    ('Storage', 1000.0, 6),
    ('CPU', 2.0, 7),
    ('RAM', 4.0, 8),
    ('Storage', 250.0, 9),
    ('CPU', 1.5, 10);

INSERT INTO USUARIO (ID_PERSONA, ID_AREA, NIVEL_DE_ACCESO)
VALUES
    (1, 1, 'Admin'),
    (2, 2, 'User'),
    (3, 1, 'Admin'),
    (4, 2, 'User'),
    (5, 3, 'Guest'),
    (6, 3, 'Guest'),
    (7, 1, 'Admin'),
    (8, 2, 'User'),
    (9, 1, 'Admin'),
    (10, 2, 'User');

INSERT INTO SISTEMA (NOMBRE, TIPO, VERSION_ACTUALIZACION, ID_PROVEEDOR)
VALUES
    ('Sistema 1', 'Web', '1.0', 1),
    ('Sistema 2', 'Mobile', '2.1', 2),
    ('Sistema 3', 'Web', '3.5', 3),
    ('Sistema 4', 'Mobile', '1.2', 1),
    ('Sistema 5', 'Web', '2.0', 2),
    ('Sistema 6', 'Mobile', '1.5', 3),
    ('Sistema 7', 'Web', '4.2', 1),
    ('Sistema 8', 'Mobile', '3.0', 2),
    ('Sistema 9', 'Web', '2.3', 3),
    ('Sistema 10', 'Mobile', '1.0', 1);

INSERT INTO FACT_RENDIMIENTO (ID_TIEMPO, HORA, ID_SISTEMA, ID_RECURSO, TIEMPO_RESPUESTA, ID_PROBLEMA_TECNICO, USO_PORCENTUAL_RECURSO)
VALUES
    (1, '00:00:00', 1, 1, 5.6, 1, 80),
    (2, '01:00:00', 2, 2, 3.2, 2, 50),
    (3, '02:00:00', 3, 3, 7.8, 3, 90),
    (4, '03:00:00', 4, 4, 2.1, 4, 30),
    (5, '04:00:00', 5, 5, 6.4, 5, 70),
    (6, '05:00:00', 6, 6, 4.7, 6, 60),
    (7, '06:00:00', 7, 7, 8.2, 7, 95),
    (8, '07:00:00', 8, 8, 3.9, 8, 45),
    (9, '08:00:00', 9, 9, 5.1, 9, 75),
    (10, '09:00:00', 10, 10, 2.8, 10, 40);

--<<<HECHOS>>>--

INSERT INTO FACT_ESTADISTICA_ANUNCIO_FACTURAS (ID_FACT_ESTADISTICA_ANUNCIO, FOLIO_FACT_FACTURAS)
VALUES
(1, 1),
(2, 2),
(3, 3),
(4, 4),
(5, 5),
(6, 6),
(7, 7),
(8, 8),
(9, 9),
(10,10);

INSERT INTO FACT_CAPACITACION_RENDIMIENTO_TICKETS (ID_FACT_CAPACITACION, ID_FACT_RENDIMIENTO, ID_FACT_TICKETS)
VALUES
(1, 1, 1),
(1, 2, 2),
(1, 3, 3),
(2, 4, 4),
(2, 5, 5),
(3, 6, 6),
(3, 7, 7),
(4, 8, 8),
(4, 9, 9),
(5, 10, 10);

INSERT INTO FACT_FACTURAS_ESTADISTICAS_ANUNCIO (ID_FACT_FACTURAS, ID_FACT_ESTADISTICA_ANUNCIO)
VALUES
(1, 1),
(2, 2),
(3, 3),
(4, 4),
(5, 5),
(6, 6),
(7, 7),
(8, 8),
(9, 9),
(10, 10);

INSERT INTO FACT_TICKETS_FACTURAS_RENDIMIENTO (ID_FACT_TICKETS, ID_FACT_FACTURAS, ID_FACT_RENDIMIENTO)
VALUES
(1, 1, 1),
(2, 2, 2),
(3, 3, 3),
(4, 4, 4),
(5, 5, 5),
(6, 6, 6),
(7, 7, 7),
(8, 8, 8),
(9, 9, 9),
(10, 10, 10);

INSERT INTO FACT_BALAN_ESTAD_REND_INCEN_CAPAC (ID_FACT_BALANCE_ACTIVO_PASIVO, ID_FACT_ESTADISTICA_ANUNCIO, ID_FACT_RENDIMIENTO, ID_FACT_INCENTIVO, ID_FACT_CAPACITACION)
VALUES
(1, 1, 1, 1, 1),
(2, 2, 2, 2, 2),
(3, 3, 3, 3, 3),
(4, 4, 4, 4, 4),
(5, 5, 5, 5, 5),
(6, 6, 6, 1, 6),
(7, 7, 7, 2, 7),
(8, 8, 8, 3, 8),
(9, 9, 9, 4, 9),
(10, 10, 10, 5, 10);

-- Insertar datos en FACT_INFLUENCIA_FACTURA
INSERT INTO FACT_INFLUENCIA_FACTURA (ID_FACT_INFLUENCIA, ID_FACT_FACTURAS)
VALUES
(1, 1),
(2, 2),
(3, 3),
(4, 4),
(5, 5),
(6, 6),
(7, 7),
(8, 8),
(9, 9),
(10, 10);